{
    "normals":[-0.382672,0.923856,0,0.382672,0.923856,0,0.923856,0,0.382672,0.974273,-0.116733,-0.192724,-0.382672,0,0.923856,0.382672,0,0.923856,0.923856,-0.382672,0,0.941404,0.329722,0.07062,-0.923856,-0.382672,0,-0.923856,0,0.382672,-0.974273,0.116733,-0.192724,-0.382672,-0.923856,0,-0.341563,-0.875576,-0.341563,0.341563,-0.875576,-0.341563,0.382672,-0.923856,0,0.341563,-0.875576,0.341563,-0.341563,-0.875576,0.341563,0.923856,0,-0.382672,0.875576,0.341563,-0.341563,0.974273,0.116733,0.192724,0.923856,0.382672,0,0.941404,-0.329722,-0.07062,0.447279,0.83639,-0.316782,0.447279,0.83639,0.316782,-0.447279,0.83639,0.316782,-0.941404,0.329722,-0.07062,-0.941404,0.329722,0.07062,-0.875576,0.341563,-0.341563,-0.875576,-0.341563,-0.341563,-0.875576,-0.341563,0.341563,0.479629,-0.297098,-0.825617,0.479629,0.297098,-0.825617,-0.479629,0.297098,-0.825617,0.382672,0,-0.923856,-0.382672,0,-0.923856,-0.923856,0,-0.382672,-0.941404,-0.329722,0.07062,-0.941404,-0.329722,-0.07062,-0.923856,0.382672,0,-0.341563,0.875576,0.341563,0.341563,0.875576,0.341563,0.447279,-0.83639,0.316782,0.447279,-0.83639,-0.316782,-0.447279,-0.83639,-0.316782,0.341563,0.875576,-0.341563,-0.341563,0.875576,-0.341563,0.875576,0.341563,0.341563,0.875576,-0.341563,0.341563,0.875576,-0.341563,-0.341563,-0.974273,0.116733,0.192724,-0.875576,0.341563,0.341563,-0.341563,0.341563,0.875576,-0.341563,-0.341563,0.875576,0.341563,-0.341563,0.875576,0.341563,0.341563,-0.875576,0.341563,-0.341563,-0.875546,-0.341563,-0.341563,-0.875546,-0.479629,-0.297098,0.825617,-0.341563,0.341563,-0.875576,-0.447279,0.83639,-0.316782,0.941404,0.329722,-0.07062,-0.974273,-0.116733,-0.192724,0.479629,0.297098,0.825617,0.341563,0.341563,0.875576,0.341563,-0.341563,-0.875576,-0.341563,-0.341563,-0.875576,0.974273,-0.116733,0.192724,0.941404,-0.329722,0.07062,-0.974273,-0.116733,0.192724,-0.447279,-0.83639,0.316782,0.974273,0.116733,-0.192724,-0.341563,0.341563,-0.875546,0.479629,-0.297098,0.825617,-0.479629,-0.297098,-0.825617,-0.479629,0.297098,0.825617],
    "faces":[32,43,57,55,0,0,1,32,61,79,46,2,2,3,32,62,80,78,4,4,5,32,83,106,98,6,6,7,32,88,81,76,8,9,10,32,108,119,116,11,12,13,32,85,91,95,14,15,16,32,187,196,176,17,18,19,32,38,54,45,20,20,21,32,70,97,103,22,23,24,32,75,102,110,25,26,8,32,86,109,107,11,11,14,32,1,11,5,5,4,4,32,139,136,129,27,28,29,32,47,71,77,30,31,32,32,9,3,7,33,33,34,32,4,6,126,9,35,35,32,35,50,58,36,37,38,32,56,67,64,0,39,40,32,24,44,51,41,42,43,32,29,26,40,44,45,0,32,135,147,141,12,13,15,32,145,142,146,46,47,48,32,180,188,185,49,50,35,32,149,137,132,44,45,39,32,131,128,140,51,52,53,32,151,148,134,54,55,56,32,169,201,207,41,42,43,32,156,152,164,57,52,53,32,217,244,203,2,47,3,32,215,227,224,32,58,54,32,160,172,165,12,13,15,32,182,212,211,24,59,22,32,158,206,213,36,37,25,32,238,243,247,13,15,16,32,223,219,220,4,4,5,32,229,234,232,45,39,40,32,179,210,202,7,60,21,32,218,222,205,9,9,61,32,177,199,189,62,63,51,32,200,236,239,30,64,65,32,195,192,190,44,45,39,32,184,193,186,34,58,33,32,22,23,24,66,67,41,32,26,27,28,45,58,27,32,29,30,31,44,18,54,32,32,33,34,68,57,69,32,37,38,39,1,20,20,32,41,42,43,38,38,0,32,44,45,46,42,21,3,32,49,50,51,61,37,43,32,53,54,55,20,20,1,32,57,58,59,0,38,38,32,64,65,66,40,63,46,32,67,68,69,39,50,51,32,70,71,72,22,31,70,32,74,75,76,59,25,10,32,83,84,85,6,6,14,32,87,88,89,11,8,8,32,90,91,92,53,15,47,32,93,94,95,52,29,16,32,97,98,99,23,7,19,32,101,102,103,49,26,24,32,105,106,107,6,6,14,32,109,110,111,11,8,8,32,116,117,118,13,64,48,32,119,120,121,12,28,65,32,128,129,130,52,29,16,32,131,132,133,51,39,50,32,134,135,136,56,12,28,32,137,138,139,45,71,27,32,140,141,142,53,15,47,32,143,144,145,40,63,46,32,146,147,148,48,13,55,32,149,150,151,44,18,54,32,152,153,154,52,29,16,32,155,156,157,68,57,69,32,159,160,161,65,12,28,32,164,165,166,53,15,47,32,167,168,169,66,67,41,32,171,172,173,48,13,64,32,176,177,178,19,62,23,32,180,181,182,49,26,24,32,188,189,190,50,51,39,32,191,192,193,27,45,58,32,194,195,196,54,44,18,32,197,198,199,46,40,63,32,201,202,203,42,21,3,32,205,206,207,61,37,43,32,209,210,211,70,60,22,32,212,213,214,59,25,10,32,224,225,226,54,44,18,32,227,228,229,58,27,45,32,230,231,232,63,46,40,32,233,234,235,51,39,50,32,236,237,238,64,48,13,32,239,240,241,65,12,28,32,242,243,244,53,15,47,32,245,246,247,52,29,16,32,4,5,11,9,4,4,32,12,13,7,35,34,34,32,8,9,15,17,33,33,32,18,19,13,35,34,34,32,14,15,21,17,33,33,32,25,17,16,72,5,2,32,29,31,27,44,54,58,32,31,30,20,54,18,17,32,19,18,28,34,35,27,32,40,43,37,0,0,1,32,35,42,41,36,38,38,32,48,51,44,73,43,42,32,57,56,52,0,0,1,32,53,46,45,20,3,21,32,59,58,50,38,38,37,32,55,54,38,1,20,20,32,35,34,51,36,69,43,32,43,42,58,0,38,38,32,67,69,65,39,51,63,32,60,61,66,5,2,46,32,69,68,63,51,50,9,32,64,66,53,40,46,20,32,56,59,68,0,38,50,32,74,77,71,59,32,31,32,78,79,61,5,2,2,32,47,46,72,30,3,70,32,49,48,77,61,73,32,32,62,63,81,4,9,9,32,87,86,82,11,11,14,32,93,95,91,52,16,15,32,85,84,92,14,6,47,32,88,87,95,8,11,16,32,90,92,79,53,47,2,32,73,72,84,60,70,6,32,88,76,75,8,10,25,32,80,81,94,4,9,29,32,100,103,97,74,24,23,32,109,108,104,11,11,14,32,105,99,98,6,19,7,32,102,101,111,26,49,8,32,110,109,86,8,11,11,32,83,82,107,6,14,14,32,70,73,98,22,60,7,32,75,74,103,25,59,24,32,119,121,117,12,65,64,32,113,112,118,33,17,48,32,114,115,121,35,34,65,32,108,111,120,11,8,28,32,105,104,116,6,14,13,32,100,125,124,74,4,9,32,115,114,126,34,35,35,32,96,99,122,62,19,2,32,5,4,124,4,9,9,32,127,126,6,34,35,35,32,2,3,9,17,33,33,32,123,122,0,5,2,2,32,16,17,1,2,5,5,32,34,33,25,69,57,72,32,33,32,10,57,68,9,32,26,28,41,45,27,38,32,36,39,30,1,20,18,32,23,22,39,67,66,20,32,24,23,45,41,67,21,32,112,113,3,17,33,33,32,131,133,129,51,50,29,32,137,139,133,45,27,50,32,134,136,139,56,28,27,32,130,129,136,16,29,28,32,149,151,138,44,54,71,32,146,148,151,48,55,54,32,135,134,148,12,56,55,32,143,145,150,40,46,18,32,140,142,145,53,47,46,32,147,146,142,13,48,47,32,132,131,144,39,51,63,32,141,140,128,15,53,52,32,156,155,153,57,68,29,32,159,161,163,65,28,35,32,154,153,161,16,29,28,32,171,173,174,48,64,33,32,160,159,173,12,65,64,32,170,164,166,72,53,47,32,172,171,166,13,48,47,32,157,156,170,69,57,72,32,165,164,152,15,53,52,32,168,167,176,67,66,19,32,192,191,188,45,27,50,32,195,194,193,44,54,58,32,198,197,196,40,46,18,32,190,189,199,39,51,63,32,194,196,187,54,18,17,32,183,189,188,74,51,50,32,184,185,191,34,35,27,32,204,207,201,73,43,42,32,212,215,208,59,32,31,32,203,202,210,3,21,60,32,214,213,206,10,25,37,32,179,178,211,7,23,22,32,169,168,202,41,67,21,32,158,157,207,36,69,43,32,216,217,221,5,2,2,32,223,222,218,4,9,9,32,227,229,225,58,45,44,32,234,233,230,39,51,63,32,229,228,235,45,27,50,32,226,225,232,18,44,40,32,208,224,226,31,54,18,32,220,221,231,5,2,46,32,228,227,215,27,58,32,32,233,235,222,51,50,9,32,240,239,236,12,65,64,32,245,247,243,52,16,15,32,247,246,241,16,29,28,32,238,237,244,13,48,47,32,204,239,241,73,65,28,32,219,218,246,4,9,29,32,217,216,242,2,5,53,32,200,203,237,30,3,48,32,183,182,178,74,24,23,32,185,184,162,35,34,34,32,175,174,186,17,33,33,32,181,180,155,26,49,68,32,177,176,197,62,19,46,32,213,212,182,25,59,24,32,0,122,8,2,2,17,32,37,43,55,1,0,1,32,72,46,79,70,3,2,32,53,66,61,20,46,2,32,79,92,84,2,47,6,32,53,61,46,20,2,3,32,84,72,79,6,70,2,32,60,65,69,5,63,51,32,93,90,78,52,53,5,32,78,60,62,5,5,4,32,69,62,60,51,4,5,32,80,93,78,4,52,5,32,73,83,98,60,6,7,32,68,59,49,50,38,61,32,49,76,81,61,10,9,32,88,94,81,8,29,9,32,81,63,49,9,9,61,32,68,49,63,50,61,9,32,104,108,116,14,11,13,32,87,85,95,11,14,16,32,176,167,175,19,66,17,32,166,171,175,47,48,17,32,175,187,176,17,17,19,32,196,197,176,18,46,19,32,167,166,175,66,47,17,32,23,38,45,67,20,21,32,74,70,103,59,22,24,32,89,75,110,8,25,8,32,82,86,107,14,11,14,32,125,100,96,4,74,62,32,96,123,125,62,5,4,32,17,25,33,5,72,57,32,125,123,1,4,5,5,32,1,17,11,5,5,4,32,33,11,17,57,4,5,32,5,125,1,4,4,5,32,133,139,129,50,27,29,32,48,47,77,73,30,32,32,7,13,15,34,34,33,32,19,27,31,34,58,54,32,31,21,19,54,33,34,32,15,9,7,33,33,34,32,3,113,115,33,33,34,32,117,121,115,64,65,34,32,115,127,3,34,34,33,32,13,19,15,34,34,33,32,21,15,19,33,33,34,32,113,117,115,33,64,34,32,127,7,